Datetime,Water Level (m)
2025-12-30 06:00:00,-1.135158
2025-12-30 07:00:00,-1.1347897
2025-12-30 08:00:00,-0.87061626
2025-12-30 09:00:00,-0.49810803
2025-12-30 10:00:00,-0.07174412
2025-12-30 11:00:00,0.34422264
2025-12-30 12:00:00,0.6141016
2025-12-30 13:00:00,0.66011804
2025-12-30 14:00:00,0.4723606
2025-12-30 15:00:00,0.15639374
2025-12-30 16:00:00,-0.18246228
2025-12-30 17:00:00,-0.49951097
2025-12-30 18:00:00,-0.7497595
2025-12-30 19:00:00,-0.8920337
2025-12-30 20:00:00,-0.849181
2025-12-30 21:00:00,-0.5980804
2025-12-30 22:00:00,-0.30390686
2025-12-30 23:00:00,-0.00384563
2025-12-31 00:00:00,0.24470524
2025-12-31 01:00:00,0.34292048
2025-12-31 02:00:00,0.23212987
2025-12-31 03:00:00,-0.05283633
2025-12-31 04:00:00,-0.40023145
2025-12-31 05:00:00,-0.75558627
2025-12-31 06:00:00,-1.064548
2025-12-31 07:00:00,-1.2685312
2025-12-31 08:00:00,-1.2509185
2025-12-31 09:00:00,-0.91318244
2025-12-31 10:00:00,-0.49141416
2025-12-31 11:00:00,-0.027811015
2025-12-31 12:00:00,0.40521398
2025-12-31 13:00:00,0.69797236
2025-12-31 14:00:00,0.7870514
2025-12-31 15:00:00,0.641548
2025-12-31 16:00:00,0.30999365
2025-12-31 17:00:00,-0.073212564
2025-12-31 18:00:00,-0.45826018
2025-12-31 19:00:00,-0.7831805
2025-12-31 20:00:00,-0.9959866
2025-12-31 21:00:00,-1.027354
2025-12-31 22:00:00,-0.7671181
2025-12-31 23:00:00,-0.39031166
2026-01-01 00:00:00,-0.020111548
2026-01-01 01:00:00,0.2817987
2026-01-01 02:00:00,0.4130952
2026-01-01 03:00:00,0.30559146
2026-01-01 04:00:00,-0.010152681
2026-01-01 05:00:00,-0.3886136
2026-01-01 06:00:00,-0.76701176
2026-01-01 07:00:00,-1.0896102
2026-01-01 08:00:00,-1.3036464
2026-01-01 09:00:00,-1.3042331
2026-01-01 10:00:00,-0.9601006
2026-01-01 11:00:00,-0.50760585
2026-01-01 12:00:00,-0.007844041
2026-01-01 13:00:00,0.47171304
2026-01-01 14:00:00,0.8130453
2026-01-01 15:00:00,0.9196255
2026-01-01 16:00:00,0.74567
2026-01-01 17:00:00,0.34680983
2026-01-01 18:00:00,-0.08955653
2026-01-01 19:00:00,-0.5254771
2026-01-01 20:00:00,-0.8801566
2026-01-01 21:00:00,-1.1184397
2026-01-01 22:00:00,-1.1648114
2026-01-01 23:00:00,-0.85972846
2026-01-02 00:00:00,-0.43041602
2026-01-02 01:00:00,-0.016435854
2026-01-02 02:00:00,0.32464778
2026-01-02 03:00:00,0.4818343
2026-01-02 04:00:00,0.36091793
2026-01-02 05:00:00,0.006013598
2026-01-02 06:00:00,-0.40006694
2026-01-02 07:00:00,-0.7957853
2026-01-02 08:00:00,-1.1282103
2026-01-02 09:00:00,-1.3510162
2026-01-02 10:00:00,-1.3443661
2026-01-02 11:00:00,-0.94829786
2026-01-02 12:00:00,-0.46064228
2026-01-02 13:00:00,0.071412146
2026-01-02 14:00:00,0.58480096
2026-01-02 15:00:00,0.9380939
2026-01-02 16:00:00,1.0192623
2026-01-02 17:00:00,0.77157325
2026-01-02 18:00:00,0.31041
2026-01-02 19:00:00,-0.15846139
2026-01-02 20:00:00,-0.62111634
2026-01-02 21:00:00,-0.99761826
2026-01-02 22:00:00,-1.2410716
2026-01-02 23:00:00,-1.2628344
2026-01-03 00:00:00,-0.88547474
2026-01-03 01:00:00,-0.42628962
2026-01-03 02:00:00,0.030158019
2026-01-03 03:00:00,0.39771786
2026-01-03 04:00:00,0.53984344
2026-01-03 05:00:00,0.3698651
2026-01-03 06:00:00,-0.025032409
2026-01-03 07:00:00,-0.44640213
2026-01-03 08:00:00,-0.8452508
2026-01-03 09:00:00,-1.1778709
2026-01-03 10:00:00,-1.3954885
2026-01-03 11:00:00,-1.3461651
2026-01-03 12:00:00,-0.9018386
2026-01-03 13:00:00,-0.38702184
2026-01-03 14:00:00,0.17969415
2026-01-03 15:00:00,0.7213963
2026-01-03 16:00:00,1.0427923
2026-01-03 17:00:00,1.0581043
2026-01-03 18:00:00,0.7030491
2026-01-03 19:00:00,0.21343653
2026-01-03 20:00:00,-0.27450192
2026-01-03 21:00:00,-0.74481696
2026-01-03 22:00:00,-1.1163558
2026-01-03 23:00:00,-1.3396174
2026-01-04 00:00:00,-1.2847258
2026-01-04 01:00:00,-0.8361992
2026-01-04 02:00:00,-0.3495057
2026-01-04 03:00:00,0.12517889
2026-01-04 04:00:00,0.48913252
2026-01-04 05:00:00,0.5789793
2026-01-04 06:00:00,0.33002222
2026-01-04 07:00:00,-0.08856431
2026-01-04 08:00:00,-0.51080906
2026-01-04 09:00:00,-0.9031371
2026-01-04 10:00:00,-1.221343
2026-01-04 11:00:00,-1.4102942
2026-01-04 12:00:00,-1.2928716
2026-01-04 13:00:00,-0.8172197
2026-01-04 14:00:00,-0.27500728
2026-01-04 15:00:00,0.30755347
2026-01-04 16:00:00,0.8304625
2026-01-04 17:00:00,1.0918947
2026-01-04 18:00:00,0.9896037
2026-01-04 19:00:00,0.5443596
2026-01-04 20:00:00,0.051315647
2026-01-04 21:00:00,-0.44399998
2026-01-04 22:00:00,-0.8961148
2026-01-04 23:00:00,-1.2261678
2026-01-05 00:00:00,-1.396303
2026-01-05 01:00:00,-1.2194496
2026-01-05 02:00:00,-0.73596585
2026-01-05 03:00:00,-0.23458403
2026-01-05 04:00:00,0.23173217
2026-01-05 05:00:00,0.5484149
2026-01-05 06:00:00,0.5585238
